Workbook

Sheet instructions
A1: SoC Cross-Die Database Import Template
A2: Keep sheet names and column names unchanged. IDs are stable keys used for upsert imports.
A4: Sheet | B4: Purpose
A5: projects | B5: Project master data
A6: scenarios | B6: Architecture scenarios linked to projects
A7: process_nodes | B7: Foundry/process reference data
A8: components | B8: Component/block hierarchy. parent_id may be blank only for root nodes.
A9: tiers | B9: 3D stack tier definitions linked to scenarios and process_nodes
A10: component_metrics | B10: Scenario-specific area, power, memory, logic, and other metrics
A11: metric_dictionary | B11: Allowed metric names and default unit/category/workload mapping
A13: Metric maintenance note
A14: In component_metrics, fill scenario_id, instance_id, metric_name, metric_value, corner, confidence, and created_at. The id/unit/category/workload cells are formula-assisted and the backend can also fill them if formulas are not cached.

Sheet metric_dictionary
A1: metric_name | B1: default_unit | C1: metric_category | D1: recommended_workload | E1: description
A2: logicMTr | B2: MTr | C2: scale | D2: nominal | E2: Logic transistor scale in million transistors.
A3: memoryMb | B3: Mb | C3: memory | D3: nominal | E3: Modeled SRAM/cache/memory macro capacity.
A4: area | B4: mm2 | C4: physical | D4: nominal | E4: Physical area estimate for the selected scenario.
A5: power | B5: W | C5: power | D5: peak | E5: Power estimate for the selected workload.
A6: frequency | B6: GHz | C6: performance | D6: peak | E6: Target or achieved operating frequency.
A7: utilization | B7: % | C7: physical | D7: nominal | E7: Floorplan or tier utilization percentage.

Sheet projects
A1: id | B1: name | C1: product_family | D1: generation | E1: owner | F1: phase | G1: description | H1: created_at | I1: updated_at
A2: P001 | B2: Mobile SoC Gen-A | C2: Flagship Mobile SoC | D2: Gen-A | E2: Architecture Team | F2: Architecture Planning | G2: Phase-1 architecture planning baseline. | H2: 2026-05-27 | I2: 2026-05-27
A3: P002 | B3: Mobile SoC Gen-B | C3: Flagship Mobile SoC | D3: Gen-B | E3: Product + Architecture | F3: Pre-Study | G3: Next-generation pre-study project. | H3: 2026-05-27 | I3: 2026-05-27

Sheet scenarios
A1: id | B1: project_id | C1: name | D1: scenario_type | E1: process_combo | F1: description | G1: status | H1: created_at | I1: updated_at
A2: S1 | B2: P001 | C2: 2D Baseline | D2: 1 die | E2: N5 monolithic | F2: Current 2D planning baseline for cross-generation comparison. | G2: Low | H2: 2026-05-27 | I2: 2026-05-27
A3: S2 | B3: P001 | C3: 3DIC Option A | D3: 3 tiers W2W | E3: N5 + N7 + N7 | F3: Top N5 logic, middle N7 logic/memory, bottom N7 IO/PHY/PDN. | G3: High | H3: 2026-05-27 | I3: 2026-05-27
A4: S3 | B4: P001 | C4: Cost-Reduced Option | D4: 2 tiers W2W | E4: N7 + N7 | F4: More conservative 2-tier split with lower process cost. | G4: Medium | H4: 2026-05-27 | I4: 2026-05-27

Sheet process_nodes
A1: id | B1: foundry | C1: node_name | D1: logic_density_mtr_per_mm2 | E1: sram_density_mb_per_mm2 | F1: voltage_nominal | G1: cost_factor | H1: maturity_level | I1: description
A2: PN5 | B2: TSMC | C2: N5 | D2: 171.3 | E2: 1.35 | F2: 0.75 | G2: 1.4 | H2: Production | I2: High-performance logic process.
A3: PN7 | B3: TSMC | C3: N7 | D3: 113.9 | E3: 1 | F3: 0.8 | G3: 1 | H3: Mature | I3: Mature logic and memory-friendly process.

Sheet components
A1: id | B1: project_id | C1: parent_id | D1: name | E1: instance_type | F1: resource_type | G1: function_domain | H1: hierarchy_path | I1: description
A2: B0 | B2: P001 | D2: SOC_TOP | E2: top | F2: mixed | G2: SoC | H2: SOC_TOP | I2: tier=Split; confidence=approved
A3: B1 | B3: P001 | C3: B0 | D3: CPU_CLUSTER | E3: subsystem | F3: logic | G3: Compute | H3: SOC_TOP/CPU_CLUSTER | I3: tier=T0; confidence=review
A4: B2 | B4: P001 | C4: B0 | D4: GPU_TOP | E4: subsystem | F4: logic | G4: Graphics | H4: SOC_TOP/GPU_TOP | I4: tier=T0/T1; confidence=review
A5: B3 | B5: P001 | C5: B0 | D5: NPU_TOP | E5: subsystem | F5: logic+memory | G5: AI | H5: SOC_TOP/NPU_TOP | I5: tier=T0/T1; confidence=draft
A6: B4 | B6: P001 | C6: B0 | D6: ISP_TOP | E6: subsystem | F6: logic | G6: Camera | H6: SOC_TOP/ISP_TOP | I6: tier=T1; confidence=approved
A7: B5 | B7: P001 | C7: B0 | D7: DDR_PHY | E7: phy | F7: phy_analog | G7: Memory IO | H7: SOC_TOP/DDR_PHY | I7: tier=T2; confidence=approved
A8: B6 | B8: P001 | C8: B0 | D8: PCIE_USB_PHY | E8: phy | F8: phy_analog | G8: External IO | H8: SOC_TOP/PCIE_USB_PHY | I8: tier=T2; confidence=approved
A9: B7 | B9: P001 | C9: B1 | D9: CPU_CORE_0 | E9: block | F9: logic | G9: CPU | H9: SOC_TOP/CPU_CLUSTER/CPU_CORE_0 | I9: tier=T0; confidence=review
A10: B8 | B10: P001 | C10: B3 | D10: NPU_SRAM_BANKS | E10: macro_group | F10: memory | G10: AI Memory | H10: SOC_TOP/NPU_TOP/NPU_SRAM_BANKS | I10: tier=T1; confidence=draft

Sheet tiers
A1: id | B1: scenario_id | C1: tier_index | D1: name | E1: process_id | F1: role | G1: orientation | H1: thickness_um | I1: area_limit_mm2 | J1: description
A2: T0 | B2: S2 | C2: 0 | D2: Top Tier | E2: PN5 | F2: High-performance logic | G2: Face-down | H2: 45 | I2: 28.2 | J2: HB < 1um; utilization 72%; power 7.6 W
A3: T1 | B3: S2 | C3: 1 | D3: Middle Tier | E3: PN7 | F3: Memory + medium logic | G3: Face-up / Face-to-face | H3: 50 | I3: 31.4 | J3: HB + TSV; utilization 66%; power 4.8 W
A4: T2 | B4: S2 | C4: 2 | D4: Bottom Tier | E4: PN7 | F4: IO / PHY / PDN / logic | G4: Backside PDN | H4: 60 | I4: 15 | J4: TSV < 5um; utilization 58%; power 2.8 W

Sheet component_metrics
A1: id | B1: scenario_id | C1: instance_id | D1: metric_name | E1: metric_value | F1: metric_unit | G1: metric_category | H1: corner | I1: workload | J1: confidence | K1: created_at
A2: =IF(OR(B2="",C2="",D2="",H2="",I2=""),"",B2&"-"&C2&"-"&D2&"-"&H2&"-"&I2) | B2: S2 | C2: B0 | D2: logicMTr | E2: 0 | F2: =IFERROR(VLOOKUP(D2,metric_dictionary!$A$2:$D$200,2,FALSE),"MTr") | G2: =IFERROR(VLOOKUP(D2,metric_dictionary!$A$2:$D$200,3,FALSE),"scale") | H2: typical | I2: =IFERROR(VLOOKUP(D2,metric_dictionary!$A$2:$D$200,4,FALSE),"nominal") | J2: approved | K2: 2026-05-27
A3: =IF(OR(B3="",C3="",D3="",H3="",I3=""),"",B3&"-"&C3&"-"&D3&"-"&H3&"-"&I3) | B3: S2 | C3: B0 | D3: memoryMb | E3: 0 | F3: =IFERROR(VLOOKUP(D3,metric_dictionary!$A$2:$D$200,2,FALSE),"Mb") | G3: =IFERROR(VLOOKUP(D3,metric_dictionary!$A$2:$D$200,3,FALSE),"memory") | H3: typical | I3: =IFERROR(VLOOKUP(D3,metric_dictionary!$A$2:$D$200,4,FALSE),"nominal") | J3: approved | K3: 2026-05-27
A4: =IF(OR(B4="",C4="",D4="",H4="",I4=""),"",B4&"-"&C4&"-"&D4&"-"&H4&"-"&I4) | B4: S2 | C4: B0 | D4: area | E4: 74.6 | F4: =IFERROR(VLOOKUP(D4,metric_dictionary!$A$2:$D$200,2,FALSE),"mm2") | G4: =IFERROR(VLOOKUP(D4,metric_dictionary!$A$2:$D$200,3,FALSE),"physical") | H4: typical | I4: =IFERROR(VLOOKUP(D4,metric_dictionary!$A$2:$D$200,4,FALSE),"nominal") | J4: approved | K4: 2026-05-27
A5: =IF(OR(B5="",C5="",D5="",H5="",I5=""),"",B5&"-"&C5&"-"&D5&"-"&H5&"-"&I5) | B5: S2 | C5: B0 | D5: power | E5: 15.2 | F5: =IFERROR(VLOOKUP(D5,metric_dictionary!$A$2:$D$200,2,FALSE),"W") | G5: =IFERROR(VLOOKUP(D5,metric_dictionary!$A$2:$D$200,3,FALSE),"power") | H5: typical | I5: =IFERROR(VLOOKUP(D5,metric_dictionary!$A$2:$D$200,4,FALSE),"peak") | J5: approved | K5: 2026-05-27
A6: =IF(OR(B6="",C6="",D6="",H6="",I6=""),"",B6&"-"&C6&"-"&D6&"-"&H6&"-"&I6) | B6: S2 | C6: B1 | D6: logicMTr | E6: 1850 | F6: =IFERROR(VLOOKUP(D6,metric_dictionary!$A$2:$D$200,2,FALSE),"MTr") | G6: =IFERROR(VLOOKUP(D6,metric_dictionary!$A$2:$D$200,3,FALSE),"scale") | H6: typical | I6: =IFERROR(VLOOKUP(D6,metric_dictionary!$A$2:$D$200,4,FALSE),"nominal") | J6: review | K6: 2026-05-27
A7: =IF(OR(B7="",C7="",D7="",H7="",I7=""),"",B7&"-"&C7&"-"&D7&"-"&H7&"-"&I7) | B7: S2 | C7: B1 | D7: memoryMb | E7: 24 | F7: =IFERROR(VLOOKUP(D7,metric_dictionary!$A$2:$D$200,2,FALSE),"Mb") | G7: =IFERROR(VLOOKUP(D7,metric_dictionary!$A$2:$D$200,3,FALSE),"memory") | H7: typical | I7: =IFERROR(VLOOKUP(D7,metric_dictionary!$A$2:$D$200,4,FALSE),"nominal") | J7: review | K7: 2026-05-27
A8: =IF(OR(B8="",C8="",D8="",H8="",I8=""),"",B8&"-"&C8&"-"&D8&"-"&H8&"-"&I8) | B8: S2 | C8: B1 | D8: area | E8: 12.8 | F8: =IFERROR(VLOOKUP(D8,metric_dictionary!$A$2:$D$200,2,FALSE),"mm2") | G8: =IFERROR(VLOOKUP(D8,metric_dictionary!$A$2:$D$200,3,FALSE),"physical") | H8: typical | I8: =IFERROR(VLOOKUP(D8,metric_dictionary!$A$2:$D$200,4,FALSE),"nominal") | J8: review | K8: 2026-05-27
A9: =IF(OR(B9="",C9="",D9="",H9="",I9=""),"",B9&"-"&C9&"-"&D9&"-"&H9&"-"&I9) | B9: S2 | C9: B1 | D9: power | E9: 4.1 | F9: =IFERROR(VLOOKUP(D9,metric_dictionary!$A$2:$D$200,2,FALSE),"W") | G9: =IFERROR(VLOOKUP(D9,metric_dictionary!$A$2:$D$200,3,FALSE),"power") | H9: typical | I9: =IFERROR(VLOOKUP(D9,metric_dictionary!$A$2:$D$200,4,FALSE),"peak") | J9: review | K9: 2026-05-27
A10: =IF(OR(B10="",C10="",D10="",H10="",I10=""),"",B10&"-"&C10&"-"&D10&"-"&H10&"-"&I10) | B10: S2 | C10: B2 | D10: logicMTr | E10: 3100 | F10: =IFERROR(VLOOKUP(D10,metric_dictionary!$A$2:$D$200,2,FALSE),"MTr") | G10: =IFERROR(VLOOKUP(D10,metric_dictionary!$A$2:$D$200,3,FALSE),"scale") | H10: typical | I10: =IFERROR(VLOOKUP(D10,metric_dictionary!$A$2:$D$200,4,FALSE),"nominal") | J10: review | K10: 2026-05-27
A11: =IF(OR(B11="",C11="",D11="",H11="",I11=""),"",B11&"-"&C11&"-"&D11&"-"&H11&"-"&I11) | B11: S2 | C11: B2 | D11: memoryMb | E11: 18 | F11: =IFERROR(VLOOKUP(D11,metric_dictionary!$A$2:$D$200,2,FALSE),"Mb") | G11: =IFERROR(VLOOKUP(D11,metric_dictionary!$A$2:$D$200,3,FALSE),"memory") | H11: typical | I11: =IFERROR(VLOOKUP(D11,metric_dictionary!$A$2:$D$200,4,FALSE),"nominal") | J11: review | K11: 2026-05-27
A12: =IF(OR(B12="",C12="",D12="",H12="",I12=""),"",B12&"-"&C12&"-"&D12&"-"&H12&"-"&I12) | B12: S2 | C12: B2 | D12: area | E12: 18.7 | F12: =IFERROR(VLOOKUP(D12,metric_dictionary!$A$2:$D$200,2,FALSE),"mm2") | G12: =IFERROR(VLOOKUP(D12,metric_dictionary!$A$2:$D$200,3,FALSE),"physical") | H12: typical | I12: =IFERROR(VLOOKUP(D12,metric_dictionary!$A$2:$D$200,4,FALSE),"nominal") | J12: review | K12: 2026-05-27
A13: =IF(OR(B13="",C13="",D13="",H13="",I13=""),"",B13&"-"&C13&"-"&D13&"-"&H13&"-"&I13) | B13: S2 | C13: B2 | D13: power | E13: 5.5 | F13: =IFERROR(VLOOKUP(D13,metric_dictionary!$A$2:$D$200,2,FALSE),"W") | G13: =IFERROR(VLOOKUP(D13,metric_dictionary!$A$2:$D$200,3,FALSE),"power") | H13: typical | I13: =IFERROR(VLOOKUP(D13,metric_dictionary!$A$2:$D$200,4,FALSE),"peak") | J13: review | K13: 2026-05-27
A14: =IF(OR(B14="",C14="",D14="",H14="",I14=""),"",B14&"-"&C14&"-"&D14&"-"&H14&"-"&I14) | B14: S2 | C14: B3 | D14: logicMTr | E14: 2400 | F14: =IFERROR(VLOOKUP(D14,metric_dictionary!$A$2:$D$200,2,FALSE),"MTr") | G14: =IFERROR(VLOOKUP(D14,metric_dictionary!$A$2:$D$200,3,FALSE),"scale") | H14: typical | I14: =IFERROR(VLOOKUP(D14,metric_dictionary!$A$2:$D$200,4,FALSE),"nominal") | J14: review | K14: 2026-05-27
A15: =IF(OR(B15="",C15="",D15="",H15="",I15=""),"",B15&"-"&C15&"-"&D15&"-"&H15&"-"&I15) | B15: S2 | C15: B3 | D15: memoryMb | E15: 64 | F15: =IFERROR(VLOOKUP(D15,metric_dictionary!$A$2:$D$200,2,FALSE),"Mb") | G15: =IFERROR(VLOOKUP(D15,metric_dictionary!$A$2:$D$200,3,FALSE),"memory") | H15: typical | I15: =IFERROR(VLOOKUP(D15,metric_dictionary!$A$2:$D$200,4,FALSE),"nominal") | J15: review | K15: 2026-05-27
A16: =IF(OR(B16="",C16="",D16="",H16="",I16=""),"",B16&"-"&C16&"-"&D16&"-"&H16&"-"&I16) | B16: S2 | C16: B3 | D16: area | E16: 21.2 | F16: =IFERROR(VLOOKUP(D16,metric_dictionary!$A$2:$D$200,2,FALSE),"mm2") | G16: =IFERROR(VLOOKUP(D16,metric_dictionary!$A$2:$D$200,3,FALSE),"physical") | H16: typical | I16: =IFERROR(VLOOKUP(D16,metric_dictionary!$A$2:$D$200,4,FALSE),"nominal") | J16: review | K16: 2026-05-27
A17: =IF(OR(B17="",C17="",D17="",H17="",I17=""),"",B17&"-"&C17&"-"&D17&"-"&H17&"-"&I17) | B17: S2 | C17: B3 | D17: power | E17: 3.8 | F17: =IFERROR(VLOOKUP(D17,metric_dictionary!$A$2:$D$200,2,FALSE),"W") | G17: =IFERROR(VLOOKUP(D17,metric_dictionary!$A$2:$D$200,3,FALSE),"power") | H17: typical | I17: =IFERROR(VLOOKUP(D17,metric_dictionary!$A$2:$D$200,4,FALSE),"peak") | J17: review | K17: 2026-05-27
A18: =IF(OR(B18="",C18="",D18="",H18="",I18=""),"",B18&"-"&C18&"-"&D18&"-"&H18&"-"&I18) | B18: S2 | C18: B4 | D18: logicMTr | E18: 980 | F18: =IFERROR(VLOOKUP(D18,metric_dictionary!$A$2:$D$200,2,FALSE),"MTr") | G18: =IFERROR(VLOOKUP(D18,metric_dictionary!$A$2:$D$200,3,FALSE),"scale") | H18: typical | I18: =IFERROR(VLOOKUP(D18,metric_dictionary!$A$2:$D$200,4,FALSE),"nominal") | J18: approved | K18: 2026-05-27
A19: =IF(OR(B19="",C19="",D19="",H19="",I19=""),"",B19&"-"&C19&"-"&D19&"-"&H19&"-"&I19) | B19: S2 | C19: B4 | D19: memoryMb | E19: 12 | F19: =IFERROR(VLOOKUP(D19,metric_dictionary!$A$2:$D$200,2,FALSE),"Mb") | G19: =IFERROR(VLOOKUP(D19,metric_dictionary!$A$2:$D$200,3,FALSE),"memory") | H19: typical | I19: =IFERROR(VLOOKUP(D19,metric_dictionary!$A$2:$D$200,4,FALSE),"nominal") | J19: approved | K19: 2026-05-27
A20: =IF(OR(B20="",C20="",D20="",H20="",I20=""),"",B20&"-"&C20&"-"&D20&"-"&H20&"-"&I20) | B20: S2 | C20: B4 | D20: area | E20: 7.4 | F20: =IFERROR(VLOOKUP(D20,metric_dictionary!$A$2:$D$200,2,FALSE),"mm2") | G20: =IFERROR(VLOOKUP(D20,metric_dictionary!$A$2:$D$200,3,FALSE),"physical") | H20: typical | I20: =IFERROR(VLOOKUP(D20,metric_dictionary!$A$2:$D$200,4,FALSE),"nominal") | J20: approved | K20: 2026-05-27
A21: =IF(OR(B21="",C21="",D21="",H21="",I21=""),"",B21&"-"&C21&"-"&D21&"-"&H21&"-"&I21) | B21: S2 | C21: B4 | D21: power | E21: 1.4 | F21: =IFERROR(VLOOKUP(D21,metric_dictionary!$A$2:$D$200,2,FALSE),"W") | G21: =IFERROR(VLOOKUP(D21,metric_dictionary!$A$2:$D$200,3,FALSE),"power") | H21: typical | I21: =IFERROR(VLOOKUP(D21,metric_dictionary!$A$2:$D$200,4,FALSE),"peak") | J21: approved | K21: 2026-05-27
A22: =IF(OR(B22="",C22="",D22="",H22="",I22=""),"",B22&"-"&C22&"-"&D22&"-"&H22&"-"&I22) | B22: S2 | C22: B5 | D22: logicMTr | E22: 0 | F22: =IFERROR(VLOOKUP(D22,metric_dictionary!$A$2:$D$200,2,FALSE),"MTr") | G22: =IFERROR(VLOOKUP(D22,metric_dictionary!$A$2:$D$200,3,FALSE),"scale") | H22: typical | I22: =IFERROR(VLOOKUP(D22,metric_dictionary!$A$2:$D$200,4,FALSE),"nominal") | J22: approved | K22: 2026-05-27
A23: =IF(OR(B23="",C23="",D23="",H23="",I23=""),"",B23&"-"&C23&"-"&D23&"-"&H23&"-"&I23) | B23: S2 | C23: B5 | D23: memoryMb | E23: 0 | F23: =IFERROR(VLOOKUP(D23,metric_dictionary!$A$2:$D$200,2,FALSE),"Mb") | G23: =IFERROR(VLOOKUP(D23,metric_dictionary!$A$2:$D$200,3,FALSE),"memory") | H23: typical | I23: =IFERROR(VLOOKUP(D23,metric_dictionary!$A$2:$D$200,4,FALSE),"nominal") | J23: approved | K23: 2026-05-27
A24: =IF(OR(B24="",C24="",D24="",H24="",I24=""),"",B24&"-"&C24&"-"&D24&"-"&H24&"-"&I24) | B24: S2 | C24: B5 | D24: area | E24: 4.8 | F24: =IFERROR(VLOOKUP(D24,metric_dictionary!$A$2:$D$200,2,FALSE),"mm2") | G24: =IFERROR(VLOOKUP(D24,metric_dictionary!$A$2:$D$200,3,FALSE),"physical") | H24: typical | I24: =IFERROR(VLOOKUP(D24,metric_dictionary!$A$2:$D$200,4,FALSE),"nominal") | J24: approved | K24: 2026-05-27
A25: =IF(OR(B25="",C25="",D25="",H25="",I25=""),"",B25&"-"&C25&"-"&D25&"-"&H25&"-"&I25) | B25: S2 | C25: B5 | D25: power | E25: 0.9 | F25: =IFERROR(VLOOKUP(D25,metric_dictionary!$A$2:$D$200,2,FALSE),"W") | G25: =IFERROR(VLOOKUP(D25,metric_dictionary!$A$2:$D$200,3,FALSE),"power") | H25: typical | I25: =IFERROR(VLOOKUP(D25,metric_dictionary!$A$2:$D$200,4,FALSE),"peak") | J25: approved | K25: 2026-05-27
A26: =IF(OR(B26="",C26="",D26="",H26="",I26=""),"",B26&"-"&C26&"-"&D26&"-"&H26&"-"&I26) | B26: S2 | C26: B6 | D26: logicMTr | E26: 0 | F26: =IFERROR(VLOOKUP(D26,metric_dictionary!$A$2:$D$200,2,FALSE),"MTr") | G26: =IFERROR(VLOOKUP(D26,metric_dictionary!$A$2:$D$200,3,FALSE),"scale") | H26: typical | I26: =IFERROR(VLOOKUP(D26,metric_dictionary!$A$2:$D$200,4,FALSE),"nominal") | J26: approved | K26: 2026-05-27
A27: =IF(OR(B27="",C27="",D27="",H27="",I27=""),"",B27&"-"&C27&"-"&D27&"-"&H27&"-"&I27) | B27: S2 | C27: B6 | D27: memoryMb | E27: 0 | F27: =IFERROR(VLOOKUP(D27,metric_dictionary!$A$2:$D$200,2,FALSE),"Mb") | G27: =IFERROR(VLOOKUP(D27,metric_dictionary!$A$2:$D$200,3,FALSE),"memory") | H27: typical | I27: =IFERROR(VLOOKUP(D27,metric_dictionary!$A$2:$D$200,4,FALSE),"nominal") | J27: approved | K27: 2026-05-27
A28: =IF(OR(B28="",C28="",D28="",H28="",I28=""),"",B28&"-"&C28&"-"&D28&"-"&H28&"-"&I28) | B28: S2 | C28: B6 | D28: area | E28: 3.1 | F28: =IFERROR(VLOOKUP(D28,metric_dictionary!$A$2:$D$200,2,FALSE),"mm2") | G28: =IFERROR(VLOOKUP(D28,metric_dictionary!$A$2:$D$200,3,FALSE),"physical") | H28: typical | I28: =IFERROR(VLOOKUP(D28,metric_dictionary!$A$2:$D$200,4,FALSE),"nominal") | J28: approved | K28: 2026-05-27
A29: =IF(OR(B29="",C29="",D29="",H29="",I29=""),"",B29&"-"&C29&"-"&D29&"-"&H29&"-"&I29) | B29: S2 | C29: B6 | D29: power | E29: 0.6 | F29: =IFERROR(VLOOKUP(D29,metric_dictionary!$A$2:$D$200,2,FALSE),"W") | G29: =IFERROR(VLOOKUP(D29,metric_dictionary!$A$2:$D$200,3,FALSE),"power") | H29: typical | I29: =IFERROR(VLOOKUP(D29,metric_dictionary!$A$2:$D$200,4,FALSE),"peak") | J29: approved | K29: 2026-05-27
A30: =IF(OR(B30="",C30="",D30="",H30="",I30=""),"",B30&"-"&C30&"-"&D30&"-"&H30&"-"&I30) | B30: S2 | C30: B7 | D30: logicMTr | E30: 420 | F30: =IFERROR(VLOOKUP(D30,metric_dictionary!$A$2:$D$200,2,FALSE),"MTr") | G30: =IFERROR(VLOOKUP(D30,metric_dictionary!$A$2:$D$200,3,FALSE),"scale") | H30: typical | I30: =IFERROR(VLOOKUP(D30,metric_dictionary!$A$2:$D$200,4,FALSE),"nominal") | J30: review | K30: 2026-05-27
A31: =IF(OR(B31="",C31="",D31="",H31="",I31=""),"",B31&"-"&C31&"-"&D31&"-"&H31&"-"&I31) | B31: S2 | C31: B7 | D31: memoryMb | E31: 2 | F31: =IFERROR(VLOOKUP(D31,metric_dictionary!$A$2:$D$200,2,FALSE),"Mb") | G31: =IFERROR(VLOOKUP(D31,metric_dictionary!$A$2:$D$200,3,FALSE),"memory") | H31: typical | I31: =IFERROR(VLOOKUP(D31,metric_dictionary!$A$2:$D$200,4,FALSE),"nominal") | J31: review | K31: 2026-05-27
A32: =IF(OR(B32="",C32="",D32="",H32="",I32=""),"",B32&"-"&C32&"-"&D32&"-"&H32&"-"&I32) | B32: S2 | C32: B7 | D32: area | E32: 2.7 | F32: =IFERROR(VLOOKUP(D32,metric_dictionary!$A$2:$D$200,2,FALSE),"mm2") | G32: =IFERROR(VLOOKUP(D32,metric_dictionary!$A$2:$D$200,3,FALSE),"physical") | H32: typical | I32: =IFERROR(VLOOKUP(D32,metric_dictionary!$A$2:$D$200,4,FALSE),"nominal") | J32: review | K32: 2026-05-27
A33: =IF(OR(B33="",C33="",D33="",H33="",I33=""),"",B33&"-"&C33&"-"&D33&"-"&H33&"-"&I33) | B33: S2 | C33: B7 | D33: power | E33: 0.95 | F33: =IFERROR(VLOOKUP(D33,metric_dictionary!$A$2:$D$200,2,FALSE),"W") | G33: =IFERROR(VLOOKUP(D33,metric_dictionary!$A$2:$D$200,3,FALSE),"power") | H33: typical | I33: =IFERROR(VLOOKUP(D33,metric_dictionary!$A$2:$D$200,4,FALSE),"peak") | J33: review | K33: 2026-05-27
A34: =IF(OR(B34="",C34="",D34="",H34="",I34=""),"",B34&"-"&C34&"-"&D34&"-"&H34&"-"&I34) | B34: S2 | C34: B8 | D34: logicMTr | E34: 0 | F34: =IFERROR(VLOOKUP(D34,metric_dictionary!$A$2:$D$200,2,FALSE),"MTr") | G34: =IFERROR(VLOOKUP(D34,metric_dictionary!$A$2:$D$200,3,FALSE),"scale") | H34: typical | I34: =IFERROR(VLOOKUP(D34,metric_dictionary!$A$2:$D$200,4,FALSE),"nominal") | J34: review | K34: 2026-05-27
A35: =IF(OR(B35="",C35="",D35="",H35="",I35=""),"",B35&"-"&C35&"-"&D35&"-"&H35&"-"&I35) | B35: S2 | C35: B8 | D35: memoryMb | E35: 48 | F35: =IFERROR(VLOOKUP(D35,metric_dictionary!$A$2:$D$200,2,FALSE),"Mb") | G35: =IFERROR(VLOOKUP(D35,metric_dictionary!$A$2:$D$200,3,FALSE),"memory") | H35: typical | I35: =IFERROR(VLOOKUP(D35,metric_dictionary!$A$2:$D$200,4,FALSE),"nominal") | J35: review | K35: 2026-05-27
A36: =IF(OR(B36="",C36="",D36="",H36="",I36=""),"",B36&"-"&C36&"-"&D36&"-"&H36&"-"&I36) | B36: S2 | C36: B8 | D36: area | E36: 8.2 | F36: =IFERROR(VLOOKUP(D36,metric_dictionary!$A$2:$D$200,2,FALSE),"mm2") | G36: =IFERROR(VLOOKUP(D36,metric_dictionary!$A$2:$D$200,3,FALSE),"physical") | H36: typical | I36: =IFERROR(VLOOKUP(D36,metric_dictionary!$A$2:$D$200,4,FALSE),"nominal") | J36: review | K36: 2026-05-27
A37: =IF(OR(B37="",C37="",D37="",H37="",I37=""),"",B37&"-"&C37&"-"&D37&"-"&H37&"-"&I37) | B37: S2 | C37: B8 | D37: power | E37: 0.8 | F37: =IFERROR(VLOOKUP(D37,metric_dictionary!$A$2:$D$200,2,FALSE),"W") | G37: =IFERROR(VLOOKUP(D37,metric_dictionary!$A$2:$D$200,3,FALSE),"power") | H37: typical | I37: =IFERROR(VLOOKUP(D37,metric_dictionary!$A$2:$D$200,4,FALSE),"peak") | J37: review | K37: 2026-05-27
